{"cameraMode":{"drawMode":0,"name":"Shaded","section":"Shading Mode"},"sceneLighting":false,"audioPlay":false,"sceneViewState":{"m_AlwaysRefresh":false,"showFog":true,"showSkybox":false,"showFlares":true,"showImageEffects":true,"showParticleSystems":true,"showVisualEffectGraphs":true,"m_FxEnabled":true},"in2DMode":false,"pivot":{"x":-7.585516929626465,"y":3.7300000190734865,"z":3.95865535736084},"rotation":{"x":0.03852683678269386,"y":0.9614598751068115,"z":-0.19320549070835114,"w":0.19169612228870393},"size":0.21424297988414765,"orthographic":true}